PRAGMA foreign_keys=ON;
BEGIN TRANSACTION;
CREATE TABLE IF NOT EXISTS "django_migrations" ("id" integer NOT NULL PRIMARY KEY AUTOINCREMENT, "app" varchar(255) NOT NULL, "name" varchar(255) NOT NULL, "applied" datetime NOT NULL);
INSERT INTO django_migrations VALUES(1,'contenttypes','0001_initial','2022-06-30 07:47:51.692242');
INSERT INTO django_migrations VALUES(2,'auth','0001_initial','2022-06-30 07:47:51.709801');
INSERT INTO django_migrations VALUES(3,'admin','0001_initial','2022-06-30 07:47:51.720457');
INSERT INTO django_migrations VALUES(4,'admin','0002_logentry_remove_auto_add','2022-06-30 07:47:51.751035');
INSERT INTO django_migrations VALUES(5,'admin','0003_logentry_add_action_flag_choices','2022-06-30 07:47:51.762619');
INSERT INTO django_migrations VALUES(6,'contenttypes','0002_remove_content_type_name','2022-06-30 07:47:51.782897');
INSERT INTO django_migrations VALUES(7,'auth','0002_alter_permission_name_max_length','2022-06-30 07:47:51.794153');
INSERT INTO django_migrations VALUES(8,'auth','0003_alter_user_email_max_length','2022-06-30 07:47:51.804069');
INSERT INTO django_migrations VALUES(9,'auth','0004_alter_user_username_opts','2022-06-30 07:47:51.812936');
INSERT INTO django_migrations VALUES(10,'auth','0005_alter_user_last_login_null','2022-06-30 07:47:51.822794');
INSERT INTO django_migrations VALUES(11,'auth','0006_require_contenttypes_0002','2022-06-30 07:47:51.824786');
INSERT INTO django_migrations VALUES(12,'auth','0007_alter_validators_add_error_messages','2022-06-30 07:47:51.832905');
INSERT INTO django_migrations VALUES(13,'auth','0008_alter_user_username_max_length','2022-06-30 07:47:51.843429');
INSERT INTO django_migrations VALUES(14,'auth','0009_alter_user_last_name_max_length','2022-06-30 07:47:51.853276');
INSERT INTO django_migrations VALUES(15,'auth','0010_alter_group_name_max_length','2022-06-30 07:47:51.864280');
INSERT INTO django_migrations VALUES(16,'auth','0011_update_proxy_permissions','2022-06-30 07:47:51.871338');
INSERT INTO django_migrations VALUES(17,'auth','0012_alter_user_first_name_max_length','2022-06-30 07:47:51.883079');
INSERT INTO django_migrations VALUES(18,'sessions','0001_initial','2022-06-30 07:47:51.888106');
INSERT INTO django_migrations VALUES(19,'empcrud','0001_initial','2022-06-30 11:18:37.942845');
INSERT INTO django_migrations VALUES(20,'empcrud','0002_emplist_age_emplist_position_delete_details','2022-07-01 07:37:11.377767');
INSERT INTO django_migrations VALUES(21,'empcrud','0003_alter_emplist_empid','2022-07-14 09:56:21.713261');
INSERT INTO django_migrations VALUES(22,'empcrud','0004_alter_emplist_age_alter_emplist_empid','2022-07-14 10:03:07.234741');
INSERT INTO django_migrations VALUES(23,'empcrud','0005_alter_emplist_age_alter_emplist_empid','2022-07-14 10:03:07.244936');
INSERT INTO django_migrations VALUES(24,'members','0001_initial','2022-07-14 11:20:33.428574');
INSERT INTO django_migrations VALUES(25,'members','0002_delete_loginuser','2022-07-18 13:35:25.064632');
CREATE TABLE IF NOT EXISTS "auth_group_permissions" ("id" integer NOT NULL PRIMARY KEY AUTOINCREMENT, "group_id" integer NOT NULL REFERENCES "auth_group" ("id") DEFERRABLE INITIALLY DEFERRED, "permission_id" integer NOT NULL REFERENCES "auth_permission" ("id") DEFERRABLE INITIALLY DEFERRED);
CREATE TABLE IF NOT EXISTS "auth_user_groups" ("id" integer NOT NULL PRIMARY KEY AUTOINCREMENT, "user_id" integer NOT NULL REFERENCES "auth_user" ("id") DEFERRABLE INITIALLY DEFERRED, "group_id" integer NOT NULL REFERENCES "auth_group" ("id") DEFERRABLE INITIALLY DEFERRED);
CREATE TABLE IF NOT EXISTS "auth_user_user_permissions" ("id" integer NOT NULL PRIMARY KEY AUTOINCREMENT, "user_id" integer NOT NULL REFERENCES "auth_user" ("id") DEFERRABLE INITIALLY DEFERRED, "permission_id" integer NOT NULL REFERENCES "auth_permission" ("id") DEFERRABLE INITIALLY DEFERRED);
CREATE TABLE IF NOT EXISTS "django_admin_log" ("id" integer NOT NULL PRIMARY KEY AUTOINCREMENT, "action_time" datetime NOT NULL, "object_id" text NULL, "object_repr" varchar(200) NOT NULL, "change_message" text NOT NULL, "content_type_id" integer NULL REFERENCES "django_content_type" ("id") DEFERRABLE INITIALLY DEFERRED, "user_id" integer NOT NULL REFERENCES "auth_user" ("id") DEFERRABLE INITIALLY DEFERRED, "action_flag" smallint unsigned NOT NULL CHECK ("action_flag" >= 0));
INSERT INTO django_admin_log VALUES(1,'2022-06-30 11:33:11.881305','2','Chandan : ','',7,1,3);
INSERT INTO django_admin_log VALUES(2,'2022-06-30 11:35:29.372927','3','Chandan : 1','',7,1,3);
INSERT INTO django_admin_log VALUES(3,'2022-06-30 11:37:02.193574','1','Python Intern/n 22','[{"added": {}}]',8,1,1);
INSERT INTO django_admin_log VALUES(4,'2022-06-30 11:37:28.865724','1',replace('Python Intern \n 22','\n',char(10)),'[]',8,1,2);
INSERT INTO django_admin_log VALUES(5,'2022-06-30 12:20:54.238485','5',' : Kalyan','',7,1,3);
INSERT INTO django_admin_log VALUES(6,'2022-07-01 06:15:25.242561','2',replace('Python intern \n 23','\n',char(10)),'[{"added": {}}]',8,1,1);
INSERT INTO django_admin_log VALUES(7,'2022-07-01 06:15:44.810240','3',replace('Java developer intern \n 23','\n',char(10)),'[{"added": {}}]',8,1,1);
INSERT INTO django_admin_log VALUES(8,'2022-07-01 06:16:01.914627','4',replace('UI developer intern \n 22','\n',char(10)),'[{"added": {}}]',8,1,1);
INSERT INTO django_admin_log VALUES(9,'2022-07-01 07:37:55.031184','1','1, Chandan, Python intern, 22','[{"changed": {"fields": ["Position", "Age"]}}]',7,1,2);
INSERT INTO django_admin_log VALUES(10,'2022-07-01 07:38:04.132983','4','2, Prajwal H A, Python intern, 23','[{"changed": {"fields": ["Position", "Age"]}}]',7,1,2);
INSERT INTO django_admin_log VALUES(11,'2022-07-01 07:38:12.451355','6','3, Kalyan, Java developer intern, 23','[{"changed": {"fields": ["Position", "Age"]}}]',7,1,2);
INSERT INTO django_admin_log VALUES(12,'2022-07-01 07:38:22.087763','7','4, Anusha, UI developer intern, 22','[{"changed": {"fields": ["Position", "Age"]}}]',7,1,2);
INSERT INTO django_admin_log VALUES(13,'2022-07-01 09:47:36.708836','10','1, Chandan R, Python intern, 22','',7,1,3);
INSERT INTO django_admin_log VALUES(14,'2022-07-01 10:10:44.148134','12','7, Hrishi, UI developer intern, 23','',7,1,3);
INSERT INTO django_admin_log VALUES(15,'2022-07-01 10:10:44.151951','11','7, Hrishi, UI developer intern, 23','',7,1,3);
INSERT INTO django_admin_log VALUES(16,'2022-07-01 10:54:27.360908','15','1, Chandan R, Python intern, 22','[{"added": {}}]',7,1,1);
INSERT INTO django_admin_log VALUES(17,'2022-07-12 07:33:25.262101','21','1, Chandan R, python intern, 22','',7,1,3);
INSERT INTO django_admin_log VALUES(18,'2022-07-12 07:34:05.218283','22','1, Chandan R, python intern, 22','',7,1,3);
INSERT INTO django_admin_log VALUES(19,'2022-07-12 07:34:39.577645','23','1, Chandan R, python intern, 22','',7,1,3);
INSERT INTO django_admin_log VALUES(20,'2022-07-12 07:34:59.047881','24','1, Chandan R, python intern, 22','',7,1,3);
INSERT INTO django_admin_log VALUES(21,'2022-07-12 10:02:32.348047','32','19, Chandan R, intern, 22','',7,1,3);
INSERT INTO django_admin_log VALUES(22,'2022-07-12 10:02:32.350342','31','019, Chandan R, intern, 22','',7,1,3);
INSERT INTO django_admin_log VALUES(23,'2022-07-12 10:02:32.352187','30','011, Chandan R, intern, 22','',7,1,3);
INSERT INTO django_admin_log VALUES(24,'2022-07-12 10:02:32.353981','29','010, Chandan R, intern, 22','',7,1,3);
INSERT INTO django_admin_log VALUES(25,'2022-07-12 10:02:32.355738','28','010, Chandan R, intern, 22','',7,1,3);
INSERT INTO django_admin_log VALUES(26,'2022-07-12 10:18:45.680081','34','010, Chandan R, intern, 22','',7,1,3);
INSERT INTO django_admin_log VALUES(27,'2022-07-12 10:18:45.682507','33','10, Chandan R, intern, 22','',7,1,3);
INSERT INTO django_admin_log VALUES(28,'2022-07-13 05:33:23.308730','43','1, , , ','',7,1,3);
INSERT INTO django_admin_log VALUES(29,'2022-07-13 05:33:23.311796','42','1, , , ','',7,1,3);
INSERT INTO django_admin_log VALUES(30,'2022-07-13 05:33:23.313248','41','1, , , ','',7,1,3);
INSERT INTO django_admin_log VALUES(31,'2022-07-13 05:33:23.314602','40','1, , , ','',7,1,3);
INSERT INTO django_admin_log VALUES(32,'2022-07-13 05:33:23.315930','39','1, , , ','',7,1,3);
INSERT INTO django_admin_log VALUES(33,'2022-07-13 05:33:23.317242','38','1, , , ','',7,1,3);
INSERT INTO django_admin_log VALUES(34,'2022-07-13 05:33:23.318611','37','1, , , ','',7,1,3);
INSERT INTO django_admin_log VALUES(35,'2022-07-13 05:33:23.320016','36','1, , , ','',7,1,3);
INSERT INTO django_admin_log VALUES(36,'2022-07-13 06:12:07.570830','47','10, , , ','',7,1,3);
INSERT INTO django_admin_log VALUES(37,'2022-07-13 06:12:07.575242','46','10, , , ','',7,1,3);
INSERT INTO django_admin_log VALUES(38,'2022-07-13 06:12:07.577119','45','10, , , ','',7,1,3);
INSERT INTO django_admin_log VALUES(39,'2022-07-13 06:12:07.578940','44','10, , , ','',7,1,3);
INSERT INTO django_admin_log VALUES(40,'2022-07-14 05:35:46.355497','18','1, Chandan R, Python intern, 22','[{"changed": {"fields": ["Empid"]}}]',7,1,2);
INSERT INTO django_admin_log VALUES(41,'2022-07-15 10:33:07.381587','1','chandan','[{"changed": {"fields": ["First name", "Last name"]}}]',4,1,2);
CREATE TABLE IF NOT EXISTS "django_content_type" ("id" integer NOT NULL PRIMARY KEY AUTOINCREMENT, "app_label" varchar(100) NOT NULL, "model" varchar(100) NOT NULL);
INSERT INTO django_content_type VALUES(1,'admin','logentry');
INSERT INTO django_content_type VALUES(2,'auth','permission');
INSERT INTO django_content_type VALUES(3,'auth','group');
INSERT INTO django_content_type VALUES(4,'auth','user');
INSERT INTO django_content_type VALUES(5,'contenttypes','contenttype');
INSERT INTO django_content_type VALUES(6,'sessions','session');
INSERT INTO django_content_type VALUES(7,'empcrud','emplist');
INSERT INTO django_content_type VALUES(8,'empcrud','details');
INSERT INTO django_content_type VALUES(9,'members','loginuser');
CREATE TABLE IF NOT EXISTS "auth_permission" ("id" integer NOT NULL PRIMARY KEY AUTOINCREMENT, "content_type_id" integer NOT NULL REFERENCES "django_content_type" ("id") DEFERRABLE INITIALLY DEFERRED, "codename" varchar(100) NOT NULL, "name" varchar(255) NOT NULL);
INSERT INTO auth_permission VALUES(1,1,'add_logentry','Can add log entry');
INSERT INTO auth_permission VALUES(2,1,'change_logentry','Can change log entry');
INSERT INTO auth_permission VALUES(3,1,'delete_logentry','Can delete log entry');
INSERT INTO auth_permission VALUES(4,1,'view_logentry','Can view log entry');
INSERT INTO auth_permission VALUES(5,2,'add_permission','Can add permission');
INSERT INTO auth_permission VALUES(6,2,'change_permission','Can change permission');
INSERT INTO auth_permission VALUES(7,2,'delete_permission','Can delete permission');
INSERT INTO auth_permission VALUES(8,2,'view_permission','Can view permission');
INSERT INTO auth_permission VALUES(9,3,'add_group','Can add group');
INSERT INTO auth_permission VALUES(10,3,'change_group','Can change group');
INSERT INTO auth_permission VALUES(11,3,'delete_group','Can delete group');
INSERT INTO auth_permission VALUES(12,3,'view_group','Can view group');
INSERT INTO auth_permission VALUES(13,4,'add_user','Can add user');
INSERT INTO auth_permission VALUES(14,4,'change_user','Can change user');
INSERT INTO auth_permission VALUES(15,4,'delete_user','Can delete user');
INSERT INTO auth_permission VALUES(16,4,'view_user','Can view user');
INSERT INTO auth_permission VALUES(17,5,'add_contenttype','Can add content type');
INSERT INTO auth_permission VALUES(18,5,'change_contenttype','Can change content type');
INSERT INTO auth_permission VALUES(19,5,'delete_contenttype','Can delete content type');
INSERT INTO auth_permission VALUES(20,5,'view_contenttype','Can view content type');
INSERT INTO auth_permission VALUES(21,6,'add_session','Can add session');
INSERT INTO auth_permission VALUES(22,6,'change_session','Can change session');
INSERT INTO auth_permission VALUES(23,6,'delete_session','Can delete session');
INSERT INTO auth_permission VALUES(24,6,'view_session','Can view session');
INSERT INTO auth_permission VALUES(25,7,'add_emplist','Can add emp list');
INSERT INTO auth_permission VALUES(26,7,'change_emplist','Can change emp list');
INSERT INTO auth_permission VALUES(27,7,'delete_emplist','Can delete emp list');
INSERT INTO auth_permission VALUES(28,7,'view_emplist','Can view emp list');
INSERT INTO auth_permission VALUES(29,8,'add_details','Can add details');
INSERT INTO auth_permission VALUES(30,8,'change_details','Can change details');
INSERT INTO auth_permission VALUES(31,8,'delete_details','Can delete details');
INSERT INTO auth_permission VALUES(32,8,'view_details','Can view details');
INSERT INTO auth_permission VALUES(33,9,'add_loginuser','Can add login user');
INSERT INTO auth_permission VALUES(34,9,'change_loginuser','Can change login user');
INSERT INTO auth_permission VALUES(35,9,'delete_loginuser','Can delete login user');
INSERT INTO auth_permission VALUES(36,9,'view_loginuser','Can view login user');
CREATE TABLE IF NOT EXISTS "auth_group" ("id" integer NOT NULL PRIMARY KEY AUTOINCREMENT, "name" varchar(150) NOT NULL UNIQUE);
CREATE TABLE IF NOT EXISTS "auth_user" ("id" integer NOT NULL PRIMARY KEY AUTOINCREMENT, "password" varchar(128) NOT NULL, "last_login" datetime NULL, "is_superuser" bool NOT NULL, "username" varchar(150) NOT NULL UNIQUE, "last_name" varchar(150) NOT NULL, "email" varchar(254) NOT NULL, "is_staff" bool NOT NULL, "is_active" bool NOT NULL, "date_joined" datetime NOT NULL, "first_name" varchar(150) NOT NULL);
INSERT INTO auth_user VALUES(1,'pbkdf2_sha256$320000$AI8gSkS74xVjsrDuradPpr$K9vBhlteWKknQn21mNL/AHr8hU1Oxl6WEbnevBBbV9E=','2022-07-18 10:32:00.203840',1,'chandan','R','chandan@example.net',1,1,'2022-06-30 10:24:59','Chandan');
INSERT INTO auth_user VALUES(2,'pbkdf2_sha256$320000$eBM34U3Fy32aYCDNzbnMHS$IVzs20KG0vm3e+Gspv6oV4Ix4GZjuTtlXVp21E2zPLk=','2022-07-18 10:31:49.642828',0,'prajwal','','',0,1,'2022-07-15 09:37:52.191054','');
INSERT INTO auth_user VALUES(3,'pbkdf2_sha256$320000$oqCNKwBfoiyLMEuyzHhHIt$V9dowQkQ0zhseWL2VokiHOuRJlk/sN5Q66PWfs8a5Jw=',NULL,0,'anusha','','',0,1,'2022-07-15 09:48:32.507151','');
INSERT INTO auth_user VALUES(4,'pbkdf2_sha256$320000$MqSdn7stxQTxGsJKTaIgvG$/ZkVMEqKzZLSvN5CjWn+e/0UNJ9xXt7QFcRv2nQ3B9E=','2022-07-15 10:56:01.005697',0,'kalyan','Eanapati','kalyan@example.net',0,1,'2022-07-15 10:56:00.641403','Kalyan');
CREATE TABLE IF NOT EXISTS "django_session" ("session_key" varchar(40) NOT NULL PRIMARY KEY, "session_data" text NOT NULL, "expire_date" datetime NOT NULL);
INSERT INTO django_session VALUES('gt6yrs6vzypiaxuaopjd3vli5rs35k92','.eJxVjDsOwjAQBe_iGlnrL15Kes5grb0GB5AtxUmFuDtESgHtm5n3EpHWpcZ1lDlOLE5CicPvlig_StsA36ndusy9LfOU5KbInQ556Vye5939O6g06rfGpBjIBwTQOkAB4ywTeiLUzMcSvLEWXFJk2GP2wSMwBswqowtXEu8PwIc3IQ:1o6rMP:Tpx5grPPqUrZrIBqYQpEPTkysoQHoNGnuDNi-0bnUIM','2022-07-14 10:25:21.938833');
INSERT INTO django_session VALUES('5jczqdqmoevmdj3uls5o1ljtzk1k7vfe','.eJxVjDsOwjAQBe_iGlnrL15Kes5grb0GB5AtxUmFuDtESgHtm5n3EpHWpcZ1lDlOLE5CicPvlig_StsA36ndusy9LfOU5KbInQ556Vye5939O6g06rfGpBjIBwTQOkAB4ywTeiLUzMcSvLEWXFJk2GP2wSMwBswqowtXEu8PwIc3IQ:1o6sCk:kSggP2vnrOV4cQhUfVls0t6Xv6BvOiJMNGD-lDAnyAI','2022-07-14 11:19:26.135850');
INSERT INTO django_session VALUES('bedtrh4cp9q5avditf7vrf67mmryfe3l','.eJxVjDsOwjAQBe_iGlnrL15Kes5grb0GB5AtxUmFuDtESgHtm5n3EpHWpcZ1lDlOLE5CicPvlig_StsA36ndusy9LfOU5KbInQ556Vye5939O6g06rfGpBjIBwTQOkAB4ywTeiLUzMcSvLEWXFJk2GP2wSMwBswqowtXEu8PwIc3IQ:1oDO2i:T_A17aOzaDcqPL7qaORUUOU16ZrRk4DU_H08cOeY_2o','2022-08-01 10:32:00.206953');
CREATE TABLE IF NOT EXISTS "empcrud_emplist" ("id" integer NOT NULL PRIMARY KEY AUTOINCREMENT, "name" varchar(300) NOT NULL, "age" integer unsigned NOT NULL CHECK ("age" >= 0), "position" varchar(300) NOT NULL, "empid" integer unsigned NOT NULL CHECK ("empid" >= 0));
INSERT INTO empcrud_emplist VALUES(4,'Prajwal H A',23,'Python intern',2);
INSERT INTO empcrud_emplist VALUES(6,'Kalyan',23,'Java developer intern',3);
INSERT INTO empcrud_emplist VALUES(7,'Anusha',22,'UI developer intern',4);
INSERT INTO empcrud_emplist VALUES(8,'Prajwal V',21,'Java developer intern',5);
INSERT INTO empcrud_emplist VALUES(9,'Bharath',23,'Java developer intern',6);
INSERT INTO empcrud_emplist VALUES(13,'Hrishi',23,'UI developer intern',7);
INSERT INTO empcrud_emplist VALUES(14,'Harish',23,'Java developer intern',8);
INSERT INTO empcrud_emplist VALUES(16,'Darshan',23,'QA intern',9);
INSERT INTO empcrud_emplist VALUES(18,'Chandan R',22,'Python intern',1);
INSERT INTO empcrud_emplist VALUES(20,'Shivam',24,'Java developer intern',10);
DELETE FROM sqlite_sequence;
INSERT INTO sqlite_sequence VALUES('django_migrations',25);
INSERT INTO sqlite_sequence VALUES('django_admin_log',41);
INSERT INTO sqlite_sequence VALUES('django_content_type',9);
INSERT INTO sqlite_sequence VALUES('auth_permission',36);
INSERT INTO sqlite_sequence VALUES('auth_group',0);
INSERT INTO sqlite_sequence VALUES('auth_user',4);
INSERT INTO sqlite_sequence VALUES('empcrud_emplist',21);
CREATE UNIQUE INDEX "auth_group_permissions_group_id_permission_id_0cd325b0_uniq" ON "auth_group_permissions" ("group_id", "permission_id");
CREATE INDEX "auth_group_permissions_group_id_b120cbf9" ON "auth_group_permissions" ("group_id");
CREATE INDEX "auth_group_permissions_permission_id_84c5c92e" ON "auth_group_permissions" ("permission_id");
CREATE UNIQUE INDEX "auth_user_groups_user_id_group_id_94350c0c_uniq" ON "auth_user_groups" ("user_id", "group_id");
CREATE INDEX "auth_user_groups_user_id_6a12ed8b" ON "auth_user_groups" ("user_id");
CREATE INDEX "auth_user_groups_group_id_97559544" ON "auth_user_groups" ("group_id");
CREATE UNIQUE INDEX "auth_user_user_permissions_user_id_permission_id_14a6b632_uniq" ON "auth_user_user_permissions" ("user_id", "permission_id");
CREATE INDEX "auth_user_user_permissions_user_id_a95ead1b" ON "auth_user_user_permissions" ("user_id");
CREATE INDEX "auth_user_user_permissions_permission_id_1fbb5f2c" ON "auth_user_user_permissions" ("permission_id");
CREATE INDEX "django_admin_log_content_type_id_c4bce8eb" ON "django_admin_log" ("content_type_id");
CREATE INDEX "django_admin_log_user_id_c564eba6" ON "django_admin_log" ("user_id");
CREATE UNIQUE INDEX "django_content_type_app_label_model_76bd3d3b_uniq" ON "django_content_type" ("app_label", "model");
CREATE UNIQUE INDEX "auth_permission_content_type_id_codename_01ab375a_uniq" ON "auth_permission" ("content_type_id", "codename");
CREATE INDEX "auth_permission_content_type_id_2f476e4b" ON "auth_permission" ("content_type_id");
CREATE INDEX "django_session_expire_date_a5c62663" ON "django_session" ("expire_date");
COMMIT;
